Executed At,Firmware Count,[Firmware Name|Actual File Size]
04/17/2026 22:47:25,4,[Keys/PSC01.k||1229552]||[Keys/SLM01.k||1228368]||[Keys/LB01.k||1228752]||[Keys/BBT01.k||1228416]
04/17/2026 22:47:25,4,[Keys/PSC01.k||1229552]||[Keys/LB01.k||1228752]||[Keys/BBT01.k||1228416]||[Keys/SLM01.k||1228368]
04/17/2026 22:47:25,4,[Keys/BBT01.k||1228416]||[Keys/SLM01.k||1228368]||[Keys/PSC01.k||1229552]||[Keys/LB01.k||1228752]
04/17/2026 22:47:25,4,[Keys/SLM01.k||1228368]||[Keys/PSC01.k||1229552]||[Keys/BBT01.k||1228416]||[Keys/LB01.k||1228752]
04/17/2026 22:47:25,4,[Keys/SLM01.k||1228368]||[Keys/LB01.k||1228752]||[Keys/PSC01.k||1229552]||[Keys/BBT01.k||1228416]
04/17/2026 22:47:25,4,[Keys/SLM01.k||1228368]||[Keys/BBT01.k||1228416]||[Keys/PSC01.k||1229552]||[Keys/LB01.k||1228752]
04/17/2026 22:47:25,4,[Keys/PSC01.k||1229552]||[Keys/LB01.k||1228752]||[Keys/SLM01.k||1228368]||[Keys/BBT01.k||1228416]
04/17/2026 22:47:25,4,[Keys/LB01.k||1228752]||[Keys/PSC01.k||1229552]||[Keys/BBT01.k||1228416]||[Keys/SLM01.k||1228368]
04/17/2026 22:47:25,4,[Keys/LB01.k||1228752]||[Keys/PSC01.k||1229552]||[Keys/SLM01.k||1228368]||[Keys/BBT01.k||1228416]
04/17/2026 22:47:25,4,[Keys/SLM01.k||1228368]||[Keys/LB01.k||1228752]||[Keys/BBT01.k||1228416]||[Keys/PSC01.k||1229552]
04/17/2026 22:47:25,4,[Keys/BBT01.k||1228416]||[Keys/LB01.k||1228752]||[Keys/SLM01.k||1228368]||[Keys/PSC01.k||1229552]
04/17/2026 22:47:25,4,[Keys/PSC01.k||1229552]||[Keys/LB01.k||1228752]||[Keys/SLM01.k||1228368]||[Keys/BBT01.k||1228416]
04/17/2026 22:47:25,4,[Keys/BBT01.k||1228416]||[Keys/LB01.k||1228752]||[Keys/SLM01.k||1228368]||[Keys/PSC01.k||1229552]
04/17/2026 22:47:25,4,[Keys/SLM01.k||1228368]||[Keys/PSC01.k||1229552]||[Keys/LB01.k||1228752]||[Keys/BBT01.k||1228416]
04/17/2026 22:47:25,4,[Keys/PSC01.k||1229552]||[Keys/BBT01.k||1228416]||[Keys/SLM01.k||1228368]||[Keys/LB01.k||1228752]
04/17/2026 22:47:25,4,[Keys/SLM01.k||1228368]||[Keys/BBT01.k||1228416]||[Keys/PSC01.k||1229552]||[Keys/LB01.k||1228752]
04/17/2026 22:47:25,4,[Keys/PSC01.k||1229552]||[Keys/LB01.k||1228752]||[Keys/SLM01.k||1228368]||[Keys/BBT01.k||1228416]
04/17/2026 22:47:25,4,[Keys/BBT01.k||1228416]||[Keys/PSC01.k||1229552]||[Keys/SLM01.k||1228368]||[Keys/LB01.k||1228752]
04/17/2026 22:47:25,4,[Keys/BBT01.k||1228416]||[Keys/SLM01.k||1228368]||[Keys/LB01.k||1228752]||[Keys/PSC01.k||1229552]
04/17/2026 22:47:25,4,[Keys/BBT01.k||1228416]||[Keys/SLM01.k||1228368]||[Keys/PSC01.k||1229552]||[Keys/LB01.k||1228752]
04/17/2026 22:47:25,4,[Keys/BBT01.k||1228416]||[Keys/PSC01.k||1229552]||[Keys/SLM01.k||1228368]||[Keys/LB01.k||1228752]
04/17/2026 22:47:25,4,[Keys/BBT01.k||1228416]||[Keys/SLM01.k||1228368]||[Keys/LB01.k||1228752]||[Keys/PSC01.k||1229552]
04/17/2026 22:47:25,4,[Keys/PSC01.k||1229552]||[Keys/BBT01.k||1228416]||[Keys/LB01.k||1228752]||[Keys/SLM01.k||1228368]
04/17/2026 22:47:25,4,[Keys/PSC01.k||1229552]||[Keys/LB01.k||1228752]||[Keys/BBT01.k||1228416]||[Keys/SLM01.k||1228368]
04/17/2026 22:47:25,4,[Keys/SLM01.k||1228368]||[Keys/BBT01.k||1228416]||[Keys/PSC01.k||1229552]||[Keys/LB01.k||1228752]
04/17/2026 22:47:25,4,[Keys/BBT01.k||1228416]||[Keys/PSC01.k||1229552]||[Keys/LB01.k||1228752]||[Keys/SLM01.k||1228368]
04/17/2026 22:47:25,4,[Keys/PSC01.k||1229552]||[Keys/SLM01.k||1228368]||[Keys/LB01.k||1228752]||[Keys/BBT01.k||1228416]
04/17/2026 22:47:25,4,[Keys/PSC01.k||1229552]||[Keys/SLM01.k||1228368]||[Keys/LB01.k||1228752]||[Keys/BBT01.k||1228416]
04/17/2026 22:47:25,4,[Keys/SLM01.k||1228368]||[Keys/LB01.k||1228752]||[Keys/PSC01.k||1229552]||[Keys/BBT01.k||1228416]
04/17/2026 22:47:25,4,[Keys/LB01.k||1228752]||[Keys/PSC01.k||1229552]||[Keys/BBT01.k||1228416]||[Keys/SLM01.k||1228368]
04/17/2026 22:47:25,4,[Keys/LB01.k||1228752]||[Keys/SLM01.k||1228368]||[Keys/PSC01.k||1229552]||[Keys/BBT01.k||1228416]
04/17/2026 22:47:25,4,[Keys/LB01.k||1228752]||[Keys/BBT01.k||1228416]||[Keys/SLM01.k||1228368]||[Keys/PSC01.k||1229552]
04/17/2026 22:47:25,4,[Keys/BBT01.k||1228416]||[Keys/LB01.k||1228752]||[Keys/SLM01.k||1228368]||[Keys/PSC01.k||1229552]
04/17/2026 22:47:25,4,[Keys/BBT01.k||1228416]||[Keys/SLM01.k||1228368]||[Keys/LB01.k||1228752]||[Keys/PSC01.k||1229552]
04/17/2026 22:47:25,4,[Keys/BBT01.k||1228416]||[Keys/SLM01.k||1228368]||[Keys/LB01.k||1228752]||[Keys/PSC01.k||1229552]
04/17/2026 22:47:25,4,[Keys/BBT01.k||1228416]||[Keys/SLM01.k||1228368]||[Keys/PSC01.k||1229552]||[Keys/LB01.k||1228752]
04/17/2026 22:47:25,4,[Keys/PSC01.k||1229552]||[Keys/SLM01.k||1228368]||[Keys/BBT01.k||1228416]||[Keys/LB01.k||1228752]
04/17/2026 22:47:25,4,[Keys/BBT01.k||1228416]||[Keys/SLM01.k||1228368]||[Keys/PSC01.k||1229552]||[Keys/LB01.k||1228752]
04/17/2026 22:47:25,4,[Keys/BBT01.k||1228416]||[Keys/PSC01.k||1229552]||[Keys/SLM01.k||1228368]||[Keys/LB01.k||1228752]
04/17/2026 22:47:25,4,[Keys/SLM01.k||1228368]||[Keys/PSC01.k||1229552]||[Keys/LB01.k||1228752]||[Keys/BBT01.k||1228416]
04/17/2026 22:47:25,4,[Keys/BBT01.k||1228416]||[Keys/PSC01.k||1229552]||[Keys/SLM01.k||1228368]||[Keys/LB01.k||1228752]
04/17/2026 22:47:25,4,[Keys/LB01.k||1228752]||[Keys/SLM01.k||1228368]||[Keys/PSC01.k||1229552]||[Keys/BBT01.k||1228416]
04/17/2026 22:47:25,4,[Keys/BBT01.k||1228416]||[Keys/SLM01.k||1228368]||[Keys/PSC01.k||1229552]||[Keys/LB01.k||1228752]
04/17/2026 22:47:25,4,[Keys/SLM01.k||1228368]||[Keys/BBT01.k||1228416]||[Keys/PSC01.k||1229552]||[Keys/LB01.k||1228752]
04/17/2026 22:47:25,4,[Keys/PSC01.k||1229552]||[Keys/BBT01.k||1228416]||[Keys/SLM01.k||1228368]||[Keys/LB01.k||1228752]
04/17/2026 22:47:25,4,[Keys/LB01.k||1228752]||[Keys/SLM01.k||1228368]||[Keys/PSC01.k||1229552]||[Keys/BBT01.k||1228416]
04/17/2026 22:47:25,4,[Keys/BBT01.k||1228416]||[Keys/PSC01.k||1229552]||[Keys/LB01.k||1228752]||[Keys/SLM01.k||1228368]
04/17/2026 22:47:25,4,[Keys/SLM01.k||1228368]||[Keys/PSC01.k||1229552]||[Keys/BBT01.k||1228416]||[Keys/LB01.k||1228752]
04/17/2026 22:47:25,4,[Keys/SLM01.k||1228368]||[Keys/PSC01.k||1229552]||[Keys/LB01.k||1228752]||[Keys/BBT01.k||1228416]
04/17/2026 22:47:25,4,[Keys/PSC01.k||1229552]||[Keys/BBT01.k||1228416]||[Keys/LB01.k||1228752]||[Keys/SLM01.k||1228368]
04/17/2026 22:47:25,4,[Keys/SLM01.k||1228368]||[Keys/BBT01.k||1228416]||[Keys/PSC01.k||1229552]||[Keys/LB01.k||1228752]
04/17/2026 22:47:25,4,[Keys/LB01.k||1228752]||[Keys/BBT01.k||1228416]||[Keys/PSC01.k||1229552]||[Keys/SLM01.k||1228368]
04/17/2026 22:47:25,4,[Keys/LB01.k||1228752]||[Keys/BBT01.k||1228416]||[Keys/PSC01.k||1229552]||[Keys/SLM01.k||1228368]
04/17/2026 22:47:25,4,[Keys/SLM01.k||1228368]||[Keys/PSC01.k||1229552]||[Keys/BBT01.k||1228416]||[Keys/LB01.k||1228752]
04/17/2026 22:47:25,4,[Keys/SLM01.k||1228368]||[Keys/PSC01.k||1229552]||[Keys/BBT01.k||1228416]||[Keys/LB01.k||1228752]
04/17/2026 22:47:25,4,[Keys/SLM01.k||1228368]||[Keys/BBT01.k||1228416]||[Keys/PSC01.k||1229552]||[Keys/LB01.k||1228752]
04/17/2026 22:47:25,4,[Keys/BBT01.k||1228416]||[Keys/SLM01.k||1228368]||[Keys/LB01.k||1228752]||[Keys/PSC01.k||1229552]
04/17/2026 22:47:25,4,[Keys/SLM01.k||1228368]||[Keys/BBT01.k||1228416]||[Keys/PSC01.k||1229552]||[Keys/LB01.k||1228752]
04/17/2026 22:47:25,4,[Keys/PSC01.k||1229552]||[Keys/LB01.k||1228752]||[Keys/SLM01.k||1228368]||[Keys/BBT01.k||1228416]
04/17/2026 22:47:25,4,[Keys/LB01.k||1228752]||[Keys/PSC01.k||1229552]||[Keys/BBT01.k||1228416]||[Keys/SLM01.k||1228368]
04/17/2026 22:47:25,4,[Keys/PSC01.k||1229552]||[Keys/BBT01.k||1228416]||[Keys/SLM01.k||1228368]||[Keys/LB01.k||1228752]
04/17/2026 22:47:25,4,[Keys/PSC01.k||1229552]||[Keys/SLM01.k||1228368]||[Keys/LB01.k||1228752]||[Keys/BBT01.k||1228416]
04/17/2026 22:47:25,4,[Keys/LB01.k||1228752]||[Keys/BBT01.k||1228416]||[Keys/PSC01.k||1229552]||[Keys/SLM01.k||1228368]
04/17/2026 22:47:25,4,[Keys/BBT01.k||1228416]||[Keys/PSC01.k||1229552]||[Keys/LB01.k||1228752]||[Keys/SLM01.k||1228368]
04/17/2026 22:47:25,4,[Keys/BBT01.k||1228416]||[Keys/SLM01.k||1228368]||[Keys/PSC01.k||1229552]||[Keys/LB01.k||1228752]
04/17/2026 22:47:25,4,[Keys/PSC01.k||1229552]||[Keys/BBT01.k||1228416]||[Keys/LB01.k||1228752]||[Keys/SLM01.k||1228368]
04/17/2026 22:47:25,4,[Keys/BBT01.k||1228416]||[Keys/PSC01.k||1229552]||[Keys/SLM01.k||1228368]||[Keys/LB01.k||1228752]
04/17/2026 22:47:25,4,[Keys/BBT01.k||1228416]||[Keys/LB01.k||1228752]||[Keys/SLM01.k||1228368]||[Keys/PSC01.k||1229552]
04/17/2026 22:47:25,4,[Keys/SLM01.k||1228368]||[Keys/BBT01.k||1228416]||[Keys/LB01.k||1228752]||[Keys/PSC01.k||1229552]
04/17/2026 22:47:25,4,[Keys/LB01.k||1228752]||[Keys/BBT01.k||1228416]||[Keys/PSC01.k||1229552]||[Keys/SLM01.k||1228368]
04/17/2026 22:47:25,4,[Keys/LB01.k||1228752]||[Keys/SLM01.k||1228368]||[Keys/PSC01.k||1229552]||[Keys/BBT01.k||1228416]
04/17/2026 22:47:25,4,[Keys/PSC01.k||1229552]||[Keys/LB01.k||1228752]||[Keys/BBT01.k||1228416]||[Keys/SLM01.k||1228368]
04/17/2026 22:47:25,4,[Keys/SLM01.k||1228368]||[Keys/BBT01.k||1228416]||[Keys/PSC01.k||1229552]||[Keys/LB01.k||1228752]
04/17/2026 22:47:25,4,[Keys/LB01.k||1228752]||[Keys/SLM01.k||1228368]||[Keys/PSC01.k||1229552]||[Keys/BBT01.k||1228416]
04/17/2026 22:47:25,4,[Keys/PSC01.k||1229552]||[Keys/SLM01.k||1228368]||[Keys/LB01.k||1228752]||[Keys/BBT01.k||1228416]
04/17/2026 22:47:25,4,[Keys/PSC01.k||1229552]||[Keys/LB01.k||1228752]||[Keys/BBT01.k||1228416]||[Keys/SLM01.k||1228368]
04/17/2026 22:47:25,4,[Keys/SLM01.k||1228368]||[Keys/BBT01.k||1228416]||[Keys/PSC01.k||1229552]||[Keys/LB01.k||1228752]
04/17/2026 22:47:25,4,[Keys/SLM01.k||1228368]||[Keys/PSC01.k||1229552]||[Keys/LB01.k||1228752]||[Keys/BBT01.k||1228416]
04/17/2026 22:47:25,4,[Keys/BBT01.k||1228416]||[Keys/LB01.k||1228752]||[Keys/SLM01.k||1228368]||[Keys/PSC01.k||1229552]
04/17/2026 22:47:25,4,[Keys/LB01.k||1228752]||[Keys/BBT01.k||1228416]||[Keys/PSC01.k||1229552]||[Keys/SLM01.k||1228368]
04/17/2026 22:47:25,4,[Keys/PSC01.k||1229552]||[Keys/LB01.k||1228752]||[Keys/BBT01.k||1228416]||[Keys/SLM01.k||1228368]
04/17/2026 22:47:25,4,[Keys/LB01.k||1228752]||[Keys/PSC01.k||1229552]||[Keys/BBT01.k||1228416]||[Keys/SLM01.k||1228368]
04/17/2026 22:47:25,4,[Keys/LB01.k||1228752]||[Keys/SLM01.k||1228368]||[Keys/PSC01.k||1229552]||[Keys/BBT01.k||1228416]
04/17/2026 22:47:25,4,[Keys/BBT01.k||1228416]||[Keys/PSC01.k||1229552]||[Keys/LB01.k||1228752]||[Keys/SLM01.k||1228368]
04/17/2026 22:47:25,4,[Keys/BBT01.k||1228416]||[Keys/SLM01.k||1228368]||[Keys/PSC01.k||1229552]||[Keys/LB01.k||1228752]
04/17/2026 22:47:25,4,[Keys/LB01.k||1228752]||[Keys/PSC01.k||1229552]||[Keys/BBT01.k||1228416]||[Keys/SLM01.k||1228368]
04/17/2026 22:47:25,4,[Keys/BBT01.k||1228416]||[Keys/PSC01.k||1229552]||[Keys/SLM01.k||1228368]||[Keys/LB01.k||1228752]
04/17/2026 22:47:25,4,[Keys/PSC01.k||1229552]||[Keys/LB01.k||1228752]||[Keys/SLM01.k||1228368]||[Keys/BBT01.k||1228416]
04/17/2026 22:47:25,4,[Keys/SLM01.k||1228368]||[Keys/PSC01.k||1229552]||[Keys/BBT01.k||1228416]||[Keys/LB01.k||1228752]
04/17/2026 22:47:25,4,[Keys/LB01.k||1228752]||[Keys/SLM01.k||1228368]||[Keys/PSC01.k||1229552]||[Keys/BBT01.k||1228416]
04/17/2026 22:47:25,4,[Keys/LB01.k||1228752]||[Keys/PSC01.k||1229552]||[Keys/BBT01.k||1228416]||[Keys/SLM01.k||1228368]
04/17/2026 22:47:25,4,[Keys/BBT01.k||1228416]||[Keys/LB01.k||1228752]||[Keys/SLM01.k||1228368]||[Keys/PSC01.k||1229552]
04/17/2026 22:47:25,4,[Keys/SLM01.k||1228368]||[Keys/PSC01.k||1229552]||[Keys/BBT01.k||1228416]||[Keys/LB01.k||1228752]
04/17/2026 22:47:25,4,[Keys/BBT01.k||1228416]||[Keys/PSC01.k||1229552]||[Keys/SLM01.k||1228368]||[Keys/LB01.k||1228752]
04/17/2026 22:47:25,4,[Keys/SLM01.k||1228368]||[Keys/BBT01.k||1228416]||[Keys/PSC01.k||1229552]||[Keys/LB01.k||1228752]
04/17/2026 22:47:25,4,[Keys/LB01.k||1228752]||[Keys/BBT01.k||1228416]||[Keys/PSC01.k||1229552]||[Keys/SLM01.k||1228368]
04/17/2026 22:47:25,4,[Keys/BBT01.k||1228416]||[Keys/PSC01.k||1229552]||[Keys/SLM01.k||1228368]||[Keys/LB01.k||1228752]
04/17/2026 22:47:25,4,[Keys/PSC01.k||1229552]||[Keys/LB01.k||1228752]||[Keys/SLM01.k||1228368]||[Keys/BBT01.k||1228416]
04/17/2026 22:47:25,4,[Keys/SLM01.k||1228368]||[Keys/LB01.k||1228752]||[Keys/BBT01.k||1228416]||[Keys/PSC01.k||1229552]
04/17/2026 22:47:25,4,[Keys/BBT01.k||1228416]||[Keys/LB01.k||1228752]||[Keys/SLM01.k||1228368]||[Keys/PSC01.k||1229552]
